{
  "method": "DeBERTa-v3-large zero-shot NLI",
  "accuracy": 0.5417333333333333,
  "contra_recall": 0.4996,
  "auroc": 0.54453785,
  "n_claims": 15000
}